"dataset metadata: validate column names","","['']"
"dataset metadata: validate short name length","",""
"dataset metadata: validate long name length","",""
"dataset metadata: validate version length","",""
"dataset metadata: validate release date length","",""
"dataset metadata: validate release date time format","",""
"dataset metadata: validate dataset make","",""
"dataset metadata: validate dataset source length","",""
"dataset metadata: validate dataset distributor length","",""
"dataset metadata: validate dataset acknowledgement length","",""
"dataset metadata: validate dataset DOI length","",""
"dataset metadata: validate dataset history length","",""
"dataset metadata: validate dataset description length","",""
"dataset metadata: validate dataset reference length","",""
"dataset metadata: validate dataset climatology length","",""
"dataset metadata: validate dataset climatology bool values","",""
